ReqID,JobID,RecruiterID,HiringManager,Openings,Priority,ReqStatus,ApprovedDate,ApprovedDateKey,PostedDate,PostedDateKey,OfferAcceptedDate,OfferAcceptedDateKey,StartDate,ClosedDate,TargetDays
REQ0001,JOB008,REC05,Yoga Firmansyah,1,High,Filled,2025-08-02,20250802,2025-08-03,20250803,2026-01-07,20260107,2026-02-06,2026-01-07,60
REQ0002,JOB003,REC03,Wulan Sari,1,Standard,Filled,2026-04-10,20260410,2026-04-12,20260412,2026-05-25,20260525,2026-06-08,2026-05-25,45
REQ0003,JOB004,REC01,Teguh Prasetyo,3,Standard,Filled,2024-01-06,20240106,2024-01-17,20240117,2024-04-15,20240415,2024-05-15,2024-04-15,45
REQ0004,JOB004,REC05,Teguh Prasetyo,1,Standard,Open,2026-02-15,20260215,2026-03-04,20260304,,,,,45
REQ0005,JOB019,REC01,Wulan Sari,1,High,Filled,2025-11-25,20251125,2025-12-05,20251205,2026-03-05,20260305,2026-04-04,2026-03-05,60
REQ0006,JOB009,REC03,Yoga Firmansyah,1,High,Filled,2023-12-27,20231227,2024-01-02,20240102,2024-03-25,20240325,2024-04-24,2024-03-25,45
REQ0007,JOB001,REC04,Sari Wulandari,1,Critical,Filled,2025-03-12,20250312,2025-03-18,20250318,2025-05-31,20250531,2025-06-30,2025-05-31,45
REQ0008,JOB010,REC07,Yoga Firmansyah,1,Standard,Filled,2025-02-17,20250217,2025-03-04,20250304,2025-05-16,20250516,2025-06-30,2025-05-16,45
REQ0009,JOB019,REC04,Yoga Firmansyah,2,Critical,Filled,2024-10-01,20241001,2024-10-08,20241008,2024-12-09,20241209,2025-02-07,2024-12-09,60
REQ0010,JOB010,REC02,Rizki Ananda,1,Critical,Filled,2025-08-22,20250822,2025-08-27,20250827,2025-09-22,20250922,2025-10-22,2025-09-22,45
REQ0011,JOB015,REC02,Rizki Ananda,2,Standard,Filled,2025-10-28,20251028,2025-10-31,20251031,2026-02-04,20260204,2026-03-06,2026-02-04,60
REQ0012,JOB016,REC05,Zahra Amelia,3,Standard,Open,2026-04-23,20260423,2026-04-26,20260426,,,,,45
REQ0013,JOB008,REC07,Teguh Prasetyo,3,Standard,Open,2026-03-01,20260301,2026-03-02,20260302,,,,,60
REQ0014,JOB017,REC07,Sari Wulandari,1,Critical,Filled,2024-07-18,20240718,2024-07-19,20240719,2024-08-31,20240831,2024-09-30,2024-08-31,45
REQ0015,JOB019,REC03,Umi Kalsum,3,High,Filled,2024-09-20,20240920,2024-10-03,20241003,2025-02-04,20250204,2025-03-06,2025-02-04,60
REQ0016,JOB014,REC06,Wulan Sari,3,Standard,Filled,2025-01-08,20250108,2025-01-19,20250119,2025-02-04,20250204,2025-03-06,2025-02-04,30
REQ0017,JOB019,REC05,Wulan Sari,3,Standard,Filled,2024-08-24,20240824,2024-09-04,20240904,2024-12-11,20241211,2025-02-09,2024-12-11,60
REQ0018,JOB006,REC07,Teguh Prasetyo,1,Critical,Filled,2025-05-26,20250526,2025-05-27,20250527,2025-06-22,20250622,2025-07-22,2025-06-22,30
REQ0019,JOB010,REC01,Wulan Sari,1,Standard,Filled,2024-10-11,20241011,2024-10-19,20241019,2024-12-22,20241222,2025-01-21,2024-12-22,45
REQ0020,JOB004,REC01,Vino Pradipta,1,Standard,Open,2026-04-14,20260414,2026-04-16,20260416,,,,,45
REQ0021,JOB008,REC05,Wulan Sari,1,High,Filled,2025-09-21,20250921,2025-09-30,20250930,2026-02-26,20260226,2026-03-28,2026-02-26,60
REQ0022,JOB014,REC05,Rizki Ananda,1,Critical,Filled,2024-03-29,20240329,2024-04-02,20240402,2024-04-21,20240421,2024-05-21,2024-04-21,30
REQ0023,JOB008,REC06,Vino Pradipta,2,Standard,Filled,2025-07-14,20250714,2025-07-29,20250729,2025-12-26,20251226,2026-01-25,2025-12-26,60
REQ0024,JOB001,REC07,Sari Wulandari,1,Standard,Filled,2026-02-03,20260203,2026-02-14,20260214,2026-03-22,20260322,2026-04-21,2026-03-22,45
REQ0025,JOB009,REC06,Zahra Amelia,1,Standard,Filled,2024-10-28,20241028,2024-11-02,20241102,2025-01-21,20250121,2025-02-20,2025-01-21,45
REQ0026,JOB008,REC03,Sari Wulandari,2,Standard,Filled,2025-01-08,20250108,2025-01-10,20250110,2025-04-30,20250430,2025-05-30,2025-04-30,60
REQ0027,JOB007,REC03,Yoga Firmansyah,1,Standard,Filled,2024-09-09,20240909,2024-09-18,20240918,2024-11-18,20241118,2025-01-17,2024-11-18,45
REQ0028,JOB013,REC07,Zahra Amelia,2,Standard,Filled,2025-05-16,20250516,2025-05-21,20250521,2025-06-16,20250616,2025-08-15,2025-06-16,45
REQ0029,JOB015,REC05,Rizki Ananda,2,Standard,Open,2026-05-23,20260523,2026-05-24,20260524,,,,,60
REQ0030,JOB019,REC04,Wulan Sari,1,Critical,Filled,2026-02-21,20260221,2026-02-26,20260226,2026-05-03,20260503,2026-07-02,2026-05-03,60
REQ0031,JOB006,REC06,Vino Pradipta,1,Standard,Filled,2024-03-22,20240322,2024-03-23,20240323,2024-05-12,20240512,2024-06-11,2024-05-12,30
REQ0032,JOB020,REC05,Wulan Sari,2,Standard,Filled,2024-09-15,20240915,2024-09-23,20240923,2024-10-28,20241028,2024-11-27,2024-10-28,30
REQ0033,JOB012,REC02,Rizki Ananda,1,Standard,Open,2026-05-08,20260508,2026-05-14,20260514,,,,,30
REQ0034,JOB019,REC07,Rizki Ananda,1,Standard,Filled,2024-10-29,20241029,2024-11-06,20241106,2025-01-16,20250116,2025-03-02,2025-01-16,60
REQ0035,JOB006,REC06,Wulan Sari,1,Standard,Filled,2025-06-19,20250619,2025-07-01,20250701,2025-08-05,20250805,2025-09-04,2025-08-05,30
REQ0036,JOB001,REC02,Zahra Amelia,1,Standard,Filled,2025-06-26,20250626,2025-06-28,20250628,2025-08-11,20250811,2025-09-25,2025-08-11,45
REQ0037,JOB002,REC07,Umi Kalsum,1,Critical,Filled,2024-05-11,20240511,2024-05-20,20240520,2024-07-27,20240727,2024-09-10,2024-07-27,60
REQ0038,JOB019,REC03,Zahra Amelia,2,Standard,Filled,2025-09-23,20250923,2025-10-01,20251001,2026-01-24,20260124,2026-02-23,2026-01-24,60
REQ0039,JOB019,REC03,Sari Wulandari,3,Standard,Filled,2024-04-21,20240421,2024-04-30,20240430,2024-06-22,20240622,2024-08-21,2024-06-22,60
REQ0040,JOB011,REC01,Yoga Firmansyah,1,Standard,Filled,2025-09-06,20250906,2025-09-11,20250911,2026-02-04,20260204,2026-04-05,2026-02-04,75
REQ0041,JOB017,REC07,Teguh Prasetyo,3,Critical,Filled,2024-02-04,20240204,2024-02-13,20240213,2024-03-16,20240316,2024-03-30,2024-03-16,45
REQ0042,JOB006,REC01,Rizki Ananda,1,Standard,Filled,2025-11-22,20251122,2025-12-04,20251204,2026-01-15,20260115,2026-03-01,2026-01-15,30
REQ0043,JOB009,REC03,Umi Kalsum,3,High,Filled,2025-03-08,20250308,2025-03-18,20250318,2025-06-03,20250603,2025-06-17,2025-06-03,45
REQ0044,JOB016,REC06,Rizki Ananda,1,Standard,Open,2026-05-03,20260503,2026-05-09,20260509,,,,,45
REQ0045,JOB017,REC04,Yoga Firmansyah,2,Critical,Filled,2025-03-05,20250305,2025-03-06,20250306,2025-04-23,20250423,2025-05-23,2025-04-23,45
REQ0046,JOB012,REC02,Umi Kalsum,1,Critical,Cancelled,2025-08-22,20250822,2025-09-01,20250901,,,,2025-09-24,30
REQ0047,JOB017,REC06,Sari Wulandari,1,Standard,Filled,2024-07-12,20240712,2024-07-16,20240716,2024-08-21,20240821,2024-10-20,2024-08-21,45
REQ0048,JOB017,REC06,Umi Kalsum,1,High,Filled,2025-09-17,20250917,2025-09-22,20250922,2025-10-18,20251018,2025-11-17,2025-10-18,45
REQ0049,JOB012,REC04,Rizki Ananda,3,High,Filled,2024-08-04,20240804,2024-08-06,20240806,2024-09-17,20240917,2024-10-17,2024-09-17,30
REQ0050,JOB011,REC05,Zahra Amelia,1,High,Filled,2025-08-16,20250816,2025-08-27,20250827,2025-12-14,20251214,2026-01-13,2025-12-14,75
REQ0051,JOB005,REC04,Rizki Ananda,3,Critical,Filled,2024-06-02,20240602,2024-06-06,20240606,2024-10-23,20241023,2024-11-22,2024-10-23,75
REQ0052,JOB004,REC03,Yoga Firmansyah,1,Standard,Filled,2026-02-12,20260212,2026-02-17,20260217,2026-04-01,20260401,2026-04-15,2026-04-01,45
REQ0053,JOB011,REC07,Sari Wulandari,1,Standard,Filled,2024-11-16,20241116,2024-11-18,20241118,2025-03-12,20250312,2025-04-11,2025-03-12,75
REQ0054,JOB020,REC06,Yoga Firmansyah,1,Standard,Filled,2026-04-01,20260401,2026-04-13,20260413,2026-05-18,20260518,2026-06-17,2026-05-18,30
REQ0055,JOB016,REC07,Teguh Prasetyo,2,Critical,Filled,2025-01-12,20250112,2025-01-18,20250118,2025-02-28,20250228,2025-03-30,2025-02-28,45
REQ0056,JOB009,REC04,Umi Kalsum,1,Standard,Filled,2024-06-04,20240604,2024-06-06,20240606,2024-08-29,20240829,2024-10-13,2024-08-29,45
REQ0057,JOB002,REC04,Wulan Sari,1,Standard,Filled,2025-11-19,20251119,2025-11-20,20251120,2026-03-01,20260301,2026-03-31,2026-03-01,60
REQ0058,JOB001,REC05,Yoga Firmansyah,1,Standard,Filled,2024-12-30,20241230,2025-01-04,20250104,2025-02-24,20250224,2025-03-26,2025-02-24,45
REQ0059,JOB008,REC07,Yoga Firmansyah,1,High,Open,2026-04-18,20260418,2026-04-25,20260425,,,,,60
REQ0060,JOB013,REC05,Wulan Sari,1,Standard,Open,2026-05-20,20260520,2026-06-08,20260608,,,,,45
REQ0061,JOB002,REC05,Sari Wulandari,1,High,Filled,2024-05-22,20240522,2024-06-05,20240605,2024-10-24,20241024,2024-12-23,2024-10-24,60
REQ0062,JOB007,REC01,Zahra Amelia,1,Critical,Filled,2024-09-02,20240902,2024-09-10,20240910,2024-11-05,20241105,2024-11-19,2024-11-05,45
REQ0063,JOB003,REC01,Umi Kalsum,1,Critical,Filled,2025-08-09,20250809,2025-08-13,20250813,2025-09-26,20250926,2025-11-10,2025-09-26,45
REQ0064,JOB005,REC07,Sari Wulandari,1,Standard,Filled,2024-10-30,20241030,2024-11-11,20241111,2025-06-17,20250617,2025-07-17,2025-06-17,75
REQ0065,JOB017,REC07,Wulan Sari,1,Standard,Filled,2026-01-30,20260130,2026-02-13,20260213,2026-04-24,20260424,2026-05-08,2026-04-24,45
REQ0066,JOB005,REC04,Teguh Prasetyo,1,Standard,Open,2026-03-03,20260303,2026-03-16,20260316,,,,,75
REQ0067,JOB011,REC03,Zahra Amelia,2,Standard,Filled,2024-11-17,20241117,2024-11-22,20241122,2025-03-05,20250305,2025-03-19,2025-03-05,75
REQ0068,JOB010,REC04,Zahra Amelia,2,High,Filled,2024-12-18,20241218,2025-01-03,20250103,2025-02-03,20250203,2025-03-05,2025-02-03,45
REQ0069,JOB014,REC06,Rizki Ananda,1,Standard,Filled,2026-04-18,20260418,2026-04-19,20260419,2026-05-06,20260506,2026-06-20,2026-05-06,30
REQ0070,JOB018,REC01,Sari Wulandari,1,Standard,Filled,2024-01-03,20240103,2024-01-07,20240107,2024-02-01,20240201,2024-03-02,2024-02-01,45
REQ0071,JOB004,REC06,Yoga Firmansyah,1,Standard,Open,2026-05-13,20260513,2026-05-16,20260516,,,,,45
REQ0072,JOB015,REC03,Umi Kalsum,1,Critical,Filled,2025-10-18,20251018,2025-10-19,20251019,2025-11-26,20251126,2025-12-26,2025-11-26,60
REQ0073,JOB001,REC07,Vino Pradipta,1,High,Filled,2026-01-02,20260102,2026-01-14,20260114,2026-03-13,20260313,2026-04-12,2026-03-13,45
REQ0074,JOB020,REC06,Teguh Prasetyo,3,Critical,Filled,2025-07-03,20250703,2025-07-10,20250710,2025-08-02,20250802,2025-09-01,2025-08-02,30
REQ0075,JOB017,REC02,Rizki Ananda,1,High,Filled,2025-07-05,20250705,2025-07-20,20250720,2025-09-06,20250906,2025-10-06,2025-09-06,45
REQ0076,JOB010,REC02,Zahra Amelia,1,High,Filled,2026-04-03,20260403,2026-04-09,20260409,2026-06-05,20260605,2026-08-04,2026-06-05,45
REQ0077,JOB005,REC04,Yoga Firmansyah,2,Critical,Filled,2024-10-03,20241003,2024-10-06,20241006,2024-12-23,20241223,2025-02-06,2024-12-23,75
REQ0078,JOB008,REC07,Wulan Sari,1,Critical,Filled,2024-09-28,20240928,2024-09-29,20240929,2025-01-11,20250111,2025-02-10,2025-01-11,60
REQ0079,JOB011,REC07,Zahra Amelia,1,High,Filled,2024-11-11,20241111,2024-11-14,20241114,2025-04-27,20250427,2025-05-27,2025-04-27,75
REQ0080,JOB019,REC03,Wulan Sari,1,Standard,Open,2026-03-30,20260330,2026-04-15,20260415,,,,,60
REQ0081,JOB018,REC02,Rizki Ananda,2,High,Cancelled,2025-03-08,20250308,2025-03-09,20250309,,,,2025-05-03,45
REQ0082,JOB005,REC02,Vino Pradipta,1,Standard,Open,2026-01-26,20260126,2026-02-02,20260202,,,,,75
REQ0083,JOB005,REC07,Wulan Sari,1,Standard,Open,2026-06-01,20260601,2026-06-14,20260614,,,,,75
REQ0084,JOB005,REC07,Zahra Amelia,1,Standard,Filled,2024-09-18,20240918,2024-09-27,20240927,2025-05-15,20250515,2025-06-14,2025-05-15,75
REQ0085,JOB018,REC05,Vino Pradipta,1,Standard,Filled,2024-02-01,20240201,2024-02-13,20240213,2024-04-01,20240401,2024-04-15,2024-04-01,45
REQ0086,JOB018,REC02,Teguh Prasetyo,1,Standard,Cancelled,2024-08-22,20240822,2024-09-04,20240904,,,,2024-10-01,45
REQ0087,JOB006,REC03,Vino Pradipta,1,High,Filled,2026-04-09,20260409,2026-04-18,20260418,2026-06-03,20260603,2026-07-03,2026-06-03,30
REQ0088,JOB017,REC01,Teguh Prasetyo,1,Standard,Filled,2024-08-05,20240805,2024-08-14,20240814,2024-09-13,20240913,2024-09-27,2024-09-13,45
REQ0089,JOB005,REC02,Wulan Sari,2,Critical,Filled,2025-05-28,20250528,2025-05-31,20250531,2025-10-17,20251017,2025-11-16,2025-10-17,75
REQ0090,JOB006,REC05,Sari Wulandari,1,Critical,Filled,2025-01-11,20250111,2025-01-18,20250118,2025-02-04,20250204,2025-03-21,2025-02-04,30
REQ0091,JOB017,REC07,Vino Pradipta,1,Standard,Filled,2026-05-17,20260517,2026-05-28,20260528,2026-06-23,20260623,2026-08-22,2026-06-23,45
REQ0092,JOB014,REC03,Umi Kalsum,2,Critical,Filled,2025-09-03,20250903,2025-09-04,20250904,2025-10-02,20251002,2025-12-01,2025-10-02,30
REQ0093,JOB015,REC01,Wulan Sari,1,Standard,Filled,2026-03-29,20260329,2026-04-05,20260405,2026-06-25,20260625,2026-08-24,2026-06-25,60
REQ0094,JOB008,REC07,Sari Wulandari,1,Standard,Filled,2026-01-06,20260106,2026-01-09,20260109,2026-05-28,20260528,2026-06-27,2026-05-28,60
REQ0095,JOB010,REC03,Vino Pradipta,2,Standard,Open,2026-06-01,20260601,2026-06-14,20260614,,,,,45
REQ0096,JOB009,REC02,Teguh Prasetyo,1,Standard,Filled,2025-07-24,20250724,2025-08-02,20250802,2025-10-05,20251005,2025-12-04,2025-10-05,45
REQ0097,JOB012,REC05,Umi Kalsum,1,High,Filled,2024-03-24,20240324,2024-03-31,20240331,2024-04-17,20240417,2024-05-17,2024-04-17,30
REQ0098,JOB017,REC07,Zahra Amelia,1,Critical,Filled,2024-04-27,20240427,2024-04-30,20240430,2024-06-24,20240624,2024-08-23,2024-06-24,45
REQ0099,JOB011,REC06,Rizki Ananda,1,Standard,Filled,2025-02-24,20250224,2025-03-01,20250301,2025-07-21,20250721,2025-08-20,2025-07-21,75
REQ0100,JOB001,REC02,Teguh Prasetyo,2,High,Open,2026-06-15,20260615,2026-06-21,20260621,,,,,45
REQ0101,JOB018,REC07,Vino Pradipta,2,Standard,Cancelled,2025-05-27,20250527,2025-06-02,20250602,,,,2025-08-05,45
REQ0102,JOB017,REC02,Wulan Sari,1,Standard,Filled,2025-11-10,20251110,2025-11-22,20251122,2025-12-26,20251226,2026-01-25,2025-12-26,45
REQ0103,JOB016,REC05,Wulan Sari,1,Standard,Cancelled,2024-10-30,20241030,2024-11-08,20241108,,,,2025-03-04,45
REQ0104,JOB013,REC04,Vino Pradipta,1,Standard,Filled,2024-07-06,20240706,2024-07-12,20240712,2024-08-13,20240813,2024-09-12,2024-08-13,45
REQ0105,JOB012,REC04,Teguh Prasetyo,1,High,Filled,2025-06-08,20250608,2025-06-19,20250619,2025-07-11,20250711,2025-07-25,2025-07-11,30
REQ0106,JOB020,REC04,Sari Wulandari,1,Standard,Filled,2025-08-10,20250810,2025-08-22,20250822,2025-09-05,20250905,2025-10-05,2025-09-05,30
REQ0107,JOB003,REC02,Teguh Prasetyo,3,High,Filled,2026-02-06,20260206,2026-02-19,20260219,2026-04-10,20260410,2026-06-09,2026-04-10,45
REQ0108,JOB006,REC07,Sari Wulandari,1,Standard,Filled,2024-11-07,20241107,2024-11-08,20241108,2024-12-22,20241222,2025-02-05,2024-12-22,30
REQ0109,JOB010,REC04,Wulan Sari,1,Critical,Filled,2024-02-16,20240216,2024-02-18,20240218,2024-03-27,20240327,2024-04-26,2024-03-27,45
REQ0110,JOB008,REC03,Wulan Sari,3,High,Filled,2024-07-18,20240718,2024-07-31,20240731,2025-01-08,20250108,2025-02-07,2025-01-08,60
REQ0111,JOB003,REC01,Yoga Firmansyah,1,Standard,Filled,2024-04-19,20240419,2024-04-21,20240421,2024-07-14,20240714,2024-07-28,2024-07-14,45
REQ0112,JOB009,REC06,Wulan Sari,1,High,Filled,2024-07-05,20240705,2024-07-12,20240712,2024-09-22,20240922,2024-11-21,2024-09-22,45
REQ0113,JOB014,REC05,Teguh Prasetyo,1,Standard,Filled,2025-04-20,20250420,2025-04-30,20250430,2025-06-05,20250605,2025-07-05,2025-06-05,30
REQ0114,JOB006,REC04,Umi Kalsum,3,Standard,Filled,2025-03-30,20250330,2025-04-13,20250413,2025-06-03,20250603,2025-07-18,2025-06-03,30
REQ0115,JOB015,REC06,Teguh Prasetyo,1,Critical,Filled,2024-05-29,20240529,2024-06-06,20240606,2024-08-25,20240825,2024-10-09,2024-08-25,60
REQ0116,JOB008,REC02,Umi Kalsum,3,Standard,Filled,2025-11-25,20251125,2025-11-26,20251126,2026-05-02,20260502,2026-07-01,2026-05-02,60
REQ0117,JOB019,REC03,Yoga Firmansyah,3,High,Open,2026-02-27,20260227,2026-03-04,20260304,,,,,60
REQ0118,JOB010,REC07,Vino Pradipta,3,Standard,Filled,2026-03-05,20260305,2026-03-19,20260319,2026-05-12,20260512,2026-06-11,2026-05-12,45
REQ0119,JOB013,REC06,Wulan Sari,1,Standard,Filled,2025-03-03,20250303,2025-03-12,20250312,2025-04-17,20250417,2025-05-17,2025-04-17,45
REQ0120,JOB003,REC03,Wulan Sari,1,Standard,Filled,2024-01-23,20240123,2024-01-27,20240127,2024-04-01,20240401,2024-05-01,2024-04-01,45
REQ0121,JOB005,REC02,Wulan Sari,3,Standard,Filled,2024-11-05,20241105,2024-11-12,20241112,2025-05-16,20250516,2025-06-15,2025-05-16,75
REQ0122,JOB005,REC07,Sari Wulandari,3,Standard,Filled,2025-02-20,20250220,2025-03-02,20250302,2025-07-26,20250726,2025-08-25,2025-07-26,75
REQ0123,JOB005,REC07,Sari Wulandari,2,Standard,Filled,2025-06-19,20250619,2025-06-28,20250628,2025-11-14,20251114,2025-12-14,2025-11-14,75
REQ0124,JOB005,REC05,Sari Wulandari,1,Standard,Cancelled,2025-05-09,20250509,2025-05-18,20250518,,,,2025-07-05,75
REQ0125,JOB010,REC04,Teguh Prasetyo,2,High,Filled,2024-02-07,20240207,2024-02-15,20240215,2024-04-13,20240413,2024-05-13,2024-04-13,45
REQ0126,JOB005,REC07,Umi Kalsum,1,High,Filled,2024-01-05,20240105,2024-01-21,20240121,2024-07-27,20240727,2024-08-10,2024-07-27,75
REQ0127,JOB008,REC07,Zahra Amelia,2,Standard,Filled,2025-08-31,20250831,2025-09-07,20250907,2026-01-16,20260116,2026-02-15,2026-01-16,60
REQ0128,JOB005,REC05,Rizki Ananda,1,Standard,Filled,2025-01-07,20250107,2025-01-17,20250117,2025-06-02,20250602,2025-07-02,2025-06-02,75
REQ0129,JOB019,REC06,Teguh Prasetyo,1,Critical,Filled,2024-09-27,20240927,2024-10-03,20241003,2025-01-10,20250110,2025-02-24,2025-01-10,60
REQ0130,JOB010,REC02,Rizki Ananda,3,Standard,Filled,2025-12-09,20251209,2025-12-14,20251214,2026-02-26,20260226,2026-04-27,2026-02-26,45
REQ0131,JOB013,REC01,Zahra Amelia,1,Standard,Filled,2025-03-03,20250303,2025-03-17,20250317,2025-05-23,20250523,2025-06-06,2025-05-23,45
REQ0132,JOB001,REC02,Teguh Prasetyo,1,Standard,Filled,2024-09-30,20240930,2024-10-01,20241001,2024-12-12,20241212,2025-01-11,2024-12-12,45
REQ0133,JOB003,REC04,Sari Wulandari,1,High,Filled,2025-10-09,20251009,2025-10-19,20251019,2025-12-13,20251213,2026-01-27,2025-12-13,45
REQ0134,JOB012,REC07,Rizki Ananda,1,Standard,Filled,2025-08-24,20250824,2025-09-02,20250902,2025-09-22,20250922,2025-11-06,2025-09-22,30
REQ0135,JOB004,REC07,Wulan Sari,1,High,Filled,2025-01-27,20250127,2025-02-06,20250206,2025-04-01,20250401,2025-05-01,2025-04-01,45
REQ0136,JOB010,REC06,Yoga Firmansyah,1,Standard,Open,2026-05-02,20260502,2026-05-14,20260514,,,,,45
REQ0137,JOB012,REC05,Vino Pradipta,3,Standard,Filled,2024-04-09,20240409,2024-04-20,20240420,2024-05-16,20240516,2024-07-15,2024-05-16,30
REQ0138,JOB002,REC03,Wulan Sari,3,Standard,Filled,2025-04-09,20250409,2025-04-10,20250410,2025-08-15,20250815,2025-10-14,2025-08-15,60
REQ0139,JOB004,REC02,Sari Wulandari,1,High,Filled,2026-04-23,20260423,2026-04-28,20260428,2026-06-01,20260601,2026-07-01,2026-06-01,45
REQ0140,JOB014,REC01,Yoga Firmansyah,1,High,Filled,2024-06-21,20240621,2024-06-22,20240622,2024-07-15,20240715,2024-08-14,2024-07-15,30
REQ0141,JOB005,REC07,Sari Wulandari,3,Standard,Filled,2025-05-05,20250505,2025-05-09,20250509,2025-09-11,20250911,2025-09-25,2025-09-11,75
REQ0142,JOB003,REC05,Umi Kalsum,1,Standard,Filled,2025-11-29,20251129,2025-11-30,20251130,2026-02-03,20260203,2026-02-17,2026-02-03,45
REQ0143,JOB007,REC05,Wulan Sari,1,Critical,Filled,2024-04-07,20240407,2024-04-14,20240414,2024-06-16,20240616,2024-07-16,2024-06-16,45
REQ0144,JOB002,REC04,Zahra Amelia,3,Critical,Filled,2024-02-23,20240223,2024-03-03,20240303,2024-04-28,20240428,2024-06-27,2024-04-28,60
REQ0145,JOB018,REC03,Zahra Amelia,1,Standard,Filled,2024-04-05,20240405,2024-04-18,20240418,2024-05-24,20240524,2024-07-23,2024-05-24,45
REQ0146,JOB013,REC03,Sari Wulandari,1,Standard,Filled,2025-03-22,20250322,2025-03-28,20250328,2025-05-05,20250505,2025-06-04,2025-05-05,45
REQ0147,JOB006,REC03,Zahra Amelia,2,High,Open,2026-04-23,20260423,2026-04-26,20260426,,,,,30
REQ0148,JOB002,REC04,Rizki Ananda,1,Standard,Filled,2024-10-09,20241009,2024-10-13,20241013,2024-12-28,20241228,2025-01-27,2024-12-28,60
REQ0149,JOB002,REC04,Teguh Prasetyo,1,Critical,Filled,2025-03-13,20250313,2025-03-22,20250322,2025-07-27,20250727,2025-08-10,2025-07-27,60
REQ0150,JOB019,REC06,Zahra Amelia,3,Critical,Filled,2024-11-14,20241114,2024-11-15,20241115,2025-02-19,20250219,2025-04-05,2025-02-19,60
REQ0151,JOB011,REC03,Zahra Amelia,3,Standard,Filled,2026-01-19,20260119,2026-01-29,20260129,2026-05-23,20260523,2026-07-07,2026-05-23,75
REQ0152,JOB015,REC03,Teguh Prasetyo,1,Standard,Filled,2025-05-06,20250506,2025-05-09,20250509,2025-08-28,20250828,2025-09-11,2025-08-28,60
REQ0153,JOB008,REC04,Teguh Prasetyo,3,High,Open,2026-04-15,20260415,2026-04-27,20260427,,,,,60
REQ0154,JOB004,REC03,Wulan Sari,3,Standard,Filled,2024-07-25,20240725,2024-08-12,20240812,2024-10-02,20241002,2024-11-01,2024-10-02,45
REQ0155,JOB016,REC07,Sari Wulandari,1,Critical,Filled,2025-05-26,20250526,2025-05-27,20250527,2025-06-18,20250618,2025-08-17,2025-06-18,45
REQ0156,JOB016,REC06,Zahra Amelia,1,Standard,Filled,2025-12-25,20251225,2025-12-26,20251226,2026-01-21,20260121,2026-03-07,2026-01-21,45
REQ0157,JOB002,REC04,Wulan Sari,3,Standard,Filled,2025-06-24,20250624,2025-06-25,20250625,2025-11-10,20251110,2025-12-10,2025-11-10,60
REQ0158,JOB015,REC03,Rizki Ananda,2,Standard,Filled,2025-09-02,20250902,2025-09-10,20250910,2025-12-19,20251219,2026-01-02,2025-12-19,60
REQ0159,JOB002,REC05,Yoga Firmansyah,1,Critical,Filled,2025-07-26,20250726,2025-07-29,20250729,2025-10-28,20251028,2025-11-27,2025-10-28,60
REQ0160,JOB006,REC03,Vino Pradipta,3,Standard,Filled,2024-06-29,20240629,2024-07-05,20240705,2024-07-27,20240727,2024-09-25,2024-07-27,30
